accountId	accountType	lastLoginDatePeopleSoft	enabledInPeopleSoft	lastLoginDateEntraMicrosoft	enabledInEntraMicrosoft	unusedEntraMicrosoft6Months	unusedEntraMicrosoft12Months
48	alumni	null	null	null	true	true	true
65	alumni	null	null	null	true	true	true
123	alumni	null	null	null	true	true	true
125	alumni	null	null	null	true	true	true
269	alumni	null	null	null	true	true	true
275	alumni	null	null	null	true	true	true
348	alumni	null	null	null	true	true	true
367	alumni	null	null	null	true	true	true
407	alumni	null	null	null	true	true	true
435	alumni	null	null	null	true	true	true
482	alumni	null	null	null	true	true	true
501	alumni	null	null	null	true	true	true
571	alumni	null	null	null	true	true	true
682	alumni	null	null	null	true	true	true
723	alumni	null	null	null	true	true	true
738	alumni	null	null	null	true	true	true
783	alumni	null	null	null	true	true	true
893	alumni	2023-03-09	false	null	true	true	true
902	alumni	null	null	null	true	true	true
916	alumni	null	null	null	true	true	true
923	alumni	null	null	null	true	true	true
1004	alumni	null	null	null	true	true	true
1066	alumni	null	null	null	true	true	true
1238	alumni	null	null	null	true	true	true
1267	alumni	null	null	null	true	true	true
1328	alumni	null	null	null	true	true	true
1356	alumni	null	null	null	true	true	true
1405	alumni	null	null	null	true	true	true
1421	alumni	null	null	null	true	true	true
1430	alumni	null	null	null	true	true	true
1470	alumni	null	null	null	true	true	true
1501	alumni	null	null	null	true	true	true
1626	alumni	null	null	null	true	true	true
1679	alumni	null	null	null	true	true	true
1704	alumni	null	null	null	true	true	true
1723	alumni	null	null	null	true	true	true
1743	alumni	null	null	null	true	true	true
1870	alumni	null	null	null	true	true	true
1885	alumni	null	null	null	true	true	true
1978	alumni	null	null	null	true	true	true
2111	alumni	null	null	null	true	true	true
2133	alumni	null	null	null	true	true	true
2152	alumni	null	null	null	true	true	true
2188	alumni	null	null	null	true	true	true
2215	alumni	null	null	null	true	true	true
2251	alumni	null	null	null	true	true	true
2258	alumni	null	null	null	true	true	true
2291	alumni	null	null	null	true	true	true
2317	alumni	null	null	null	true	true	true
2424	alumni	null	null	null	true	true	true
2425	alumni	null	null	null	true	true	true
2448	alumni	null	null	null	true	true	true
2455	alumni	null	null	null	true	true	true
2489	alumni	null	null	null	true	true	true
2502	alumni	null	null	null	true	true	true
2505	alumni	null	null	null	true	true	true
2516	alumni	null	null	null	true	true	true
2558	alumni	null	null	null	true	true	true
2559	alumni	null	null	null	true	true	true
2573	alumni	null	null	null	true	true	true
2594	alumni	null	null	null	true	true	true
2665	alumni	null	null	null	true	true	true
2718	alumni	null	null	null	true	true	true
2755	alumni	null	null	null	true	true	true
2833	alumni	null	null	null	true	true	true
2948	alumni	null	null	null	true	true	true
3024	alumni	null	null	null	true	true	true
3139	alumni	null	null	null	true	true	true
3203	alumni	null	null	null	true	true	true
3229	alumni	null	null	null	true	true	true
3238	alumni	null	null	null	true	true	true
3280	alumni	null	null	null	true	true	true
3357	alumni	null	null	null	true	true	true
3360	alumni	null	null	null	true	true	true
3553	alumni	null	null	null	true	true	true
3611	alumni	null	null	null	true	true	true
3623	alumni	null	null	null	true	true	true
3741	alumni	null	null	null	true	true	true
3763	alumni	null	null	null	true	true	true
3789	alumni	null	null	null	true	true	true
3859	alumni	null	null	null	true	true	true
3907	alumni	null	null	null	true	true	true
3938	alumni	null	null	null	true	true	true
4002	alumni	null	null	null	true	true	true
4053	alumni	null	null	null	true	true	true
4054	alumni	null	null	null	true	true	true
4060	alumni	null	null	null	true	true	true
4165	alumni	null	null	null	true	true	true
4228	alumni	null	null	null	true	true	true
4269	alumni	null	null	null	true	true	true
4278	alumni	null	null	null	true	true	true
4360	alumni	null	null	null	true	true	true
4392	alumni	null	null	null	true	true	true
4412	alumni	null	null	null	true	true	true
4419	alumni	null	null	null	true	true	true
4438	alumni	null	null	null	true	true	true
4440	alumni	null	null	null	true	true	true
4460	alumni	null	null	null	true	true	true
4525	alumni	null	null	null	true	true	true
4548	alumni	null	null	null	true	true	true
4562	alumni	null	null	null	true	true	true
4574	alumni	null	null	null	true	true	true
4587	alumni	null	null	null	true	true	true
4603	alumni	null	null	null	true	true	true
4608	alumni	null	null	null	true	true	true
4660	alumni	null	null	null	true	true	true
4671	alumni	null	null	null	true	true	true
4672	alumni	null	null	null	true	true	true
4705	alumni	null	null	null	true	true	true
4790	alumni	null	null	null	true	true	true
4800	alumni	null	null	null	true	true	true
4803	alumni	null	null	null	true	true	true
4875	alumni	null	null	null	true	true	true
4889	alumni	null	null	null	true	true	true
4894	alumni	null	null	null	true	true	true
4956	alumni	null	null	null	true	true	true
4965	alumni	null	null	null	true	true	true
4974	alumni	null	null	null	true	true	true
4980	alumni	null	null	null	true	true	true
5056	alumni	null	null	null	true	true	true
5141	alumni	null	null	null	true	true	true
5207	alumni	null	null	null	true	true	true
5334	alumni	null	null	null	true	true	true
5488	alumni	null	null	null	true	true	true
5531	alumni	null	null	null	true	true	true
5734	alumni	null	null	null	true	true	true
5847	alumni	null	null	null	true	true	true
5872	alumni	null	null	null	true	true	true
5931	alumni	null	null	null	true	true	true
6017	alumni	null	null	null	true	true	true
6127	alumni	null	null	null	true	true	true
6210	alumni	null	null	null	true	true	true
6265	alumni	null	null	null	true	true	true
6370	alumni	null	null	null	true	true	true
6548	alumni	null	null	null	true	true	true
6581	alumni	null	null	null	true	true	true
6596	alumni	null	null	null	true	true	true
6626	alumni	null	null	null	true	true	true
6631	alumni	null	null	null	true	true	true
6673	alumni	null	null	null	true	true	true
6704	alumni	null	null	null	true	true	true
6746	alumni	null	null	null	true	true	true
6756	alumni	null	null	null	true	true	true
6776	alumni	null	null	null	true	true	true
6784	alumni	null	null	null	true	true	true
6797	alumni	null	null	null	true	true	true
6816	alumni	null	null	null	true	true	true
6818	alumni	null	null	null	true	true	true
6859	alumni	null	null	null	true	true	true
6860	alumni	null	null	null	true	true	true
6983	alumni	null	null	null	true	true	true
6996	alumni	null	null	null	true	true	true
7008	alumni	null	null	null	true	true	true
7038	alumni	null	null	null	true	true	true
7111	alumni	null	null	null	true	true	true
7112	alumni	null	null	null	true	true	true
7195	alumni	null	null	null	true	true	true
7209	alumni	null	null	null	true	true	true
7280	alumni	null	null	null	true	true	true
7322	alumni	null	null	null	true	true	true
7335	alumni	null	null	null	true	true	true
7345	alumni	null	null	null	true	true	true
7351	alumni	null	null	null	true	true	true
7454	alumni	null	null	null	true	true	true
7480	alumni	null	null	null	true	true	true
7524	alumni	null	null	null	true	true	true
7688	alumni	null	null	null	true	true	true
7823	alumni	null	null	null	true	true	true
7839	alumni	null	null	null	true	true	true
7841	alumni	null	null	null	true	true	true
7873	alumni	null	null	null	true	true	true
7876	alumni	null	null	null	true	true	true
7894	alumni	null	null	null	true	true	true
7979	alumni	null	null	null	true	true	true
8065	alumni	null	null	null	true	true	true
8084	alumni	null	null	null	true	true	true
8110	alumni	null	null	null	true	true	true
8437	alumni	null	null	null	true	true	true
8458	alumni	null	null	null	true	true	true
8491	alumni	null	null	null	true	true	true
8504	alumni	null	null	null	true	true	true
8523	alumni	null	null	null	true	true	true
8545	alumni	null	null	null	true	true	true
8586	alumni	null	null	null	true	true	true
8622	alumni	null	null	null	true	true	true
8625	alumni	null	null	null	true	true	true
8659	alumni	null	null	null	true	true	true
8769	alumni	null	null	null	true	true	true
8792	alumni	null	null	null	true	true	true
8812	alumni	null	null	null	true	true	true
8848	alumni	null	null	null	true	true	true
8860	alumni	null	null	null	true	true	true
8867	alumni	null	null	null	true	true	true
8885	alumni	null	null	null	true	true	true
8980	alumni	null	null	null	true	true	true
9023	alumni	null	null	null	true	true	true
9041	alumni	null	null	null	true	true	true
9059	alumni	null	null	null	true	true	true
9072	alumni	null	null	null	true	true	true
9092	alumni	null	null	null	true	true	true
9102	alumni	null	null	null	true	true	true
9152	alumni	null	null	null	true	true	true
9182	alumni	null	null	null	true	true	true
9281	alumni	null	null	null	true	true	true
9301	alumni	null	null	null	true	true	true
9361	alumni	null	null	null	true	true	true
9394	alumni	null	null	null	true	true	true
9417	alumni	null	null	null	true	true	true
9447	alumni	null	null	null	true	true	true
9498	alumni	null	null	null	true	true	true
9567	alumni	null	null	null	true	true	true
9682	alumni	null	null	null	true	true	true
9691	alumni	null	null	null	true	true	true
9741	alumni	null	null	null	true	true	true
9776	alumni	null	null	null	true	true	true
9811	alumni	null	null	null	true	true	true
9824	alumni	null	null	null	true	true	true
9838	alumni	null	null	null	true	true	true
10001	alumni	null	null	null	true	true	true
10009	alumni	null	null	null	true	true	true
10018	alumni	null	null	null	true	true	true
10052	alumni	null	null	null	true	true	true
10074	alumni	null	null	null	true	true	true
10104	alumni	null	null	null	true	true	true
10132	alumni	null	null	null	true	true	true
10152	alumni	null	null	null	true	true	true
10186	alumni	null	null	null	true	true	true
10238	alumni	null	null	null	true	true	true
10337	alumni	null	null	null	true	true	true
10390	alumni	null	null	null	true	true	true
10435	alumni	null	null	null	true	true	true
10467	alumni	null	null	null	true	true	true
10507	alumni	null	null	null	true	true	true
10567	alumni	null	null	null	true	true	true
10616	alumni	2021-10-09	false	null	true	true	true
10637	alumni	null	null	null	true	true	true
10646	alumni	null	null	null	true	true	true
10648	alumni	null	null	null	true	true	true
10729	alumni	null	null	null	true	true	true
10738	alumni	null	null	null	true	true	true
10766	alumni	null	null	null	true	true	true
10867	alumni	null	null	null	true	true	true
10947	alumni	null	null	null	true	true	true
10958	alumni	null	null	null	true	true	true
10987	alumni	null	null	null	true	true	true
11105	alumni	null	null	null	true	true	true
11171	alumni	null	null	null	true	true	true
11230	alumni	null	null	null	true	true	true
11265	alumni	null	null	null	true	true	true
11293	alumni	null	null	null	true	true	true
11458	alumni	null	null	null	true	true	true
11476	alumni	null	null	null	true	true	true
11540	alumni	null	null	null	true	true	true
11625	alumni	null	null	null	true	true	true
11651	alumni	null	null	null	true	true	true
11652	alumni	null	null	null	true	true	true
11772	alumni	null	null	null	true	true	true
11872	alumni	null	null	null	true	true	true
11905	alumni	null	null	null	true	true	true
11927	alumni	null	null	null	true	true	true
12074	alumni	null	null	null	true	true	true
12100	alumni	null	null	null	true	true	true
12146	alumni	null	null	null	true	true	true
12243	alumni	null	null	null	true	true	true
12274	alumni	null	null	null	true	true	true
12281	alumni	null	null	null	true	true	true
12296	alumni	null	null	null	true	true	true
